Date,Volatility
2019-03-12,0.03144265767668344
2019-03-13,0.030904985482792142
2019-03-14,0.030788001534039506
2019-03-15,0.030446350083885496
2019-03-16,0.029838564810052273
2019-03-17,0.030627522537743458
2019-03-18,0.030373954006546838
2019-03-19,0.030845584302816403
2019-03-20,0.03069943132275624
2019-03-21,0.029339507555608938
2019-03-22,0.02984335064547724
2019-03-23,0.02909664119369526
2019-03-24,0.028714041090087777
2019-03-25,0.02955411551603364
2019-03-26,0.02813599400473537
2019-03-27,0.02780498311403656
2019-03-28,0.029651024980804245
2019-03-29,0.02918250113838931
2019-03-30,0.029406879975458523
2019-03-31,0.030768117476442553
2019-04-01,0.028788094199001843
2019-04-02,0.028733746033997937
2019-04-03,0.04893549755517512
2019-04-04,0.04599629768163061
2019-04-05,0.049239284319475614
2019-04-06,0.06269676012860832
2019-04-07,0.04688383638354729
2019-04-08,0.04898176151046173
2019-04-09,0.04939742463795667
2019-04-10,0.04411571143140053
2019-04-11,0.04463253260552485
2019-04-12,0.04598270695099653
2019-04-13,0.042848637172805626
2019-04-14,0.041838315287604275
2019-04-15,0.04441566350694098
2019-04-16,0.039527620121193596
2019-04-17,0.039336714454275244
2019-04-18,0.038534830439782675
2019-04-19,0.039264227254684536
2019-04-20,0.0373695908526897
2019-04-21,0.03529369110680602
2019-04-22,0.03615506323122672
2019-04-23,0.033178146546723894
2019-04-24,0.03217822754002458
2019-04-25,0.03338411909785317
2019-04-26,0.03747522334649632
2019-04-27,0.036220114603880235
2019-04-28,0.03793279202979788
2019-04-29,0.04067577835376648
2019-04-30,0.034713971258173895
2019-05-01,0.0361950023786253
2019-05-02,0.035054726418651705
2019-05-03,0.033762746836696125
2019-05-04,0.03574479617903091
2019-05-05,0.033462876415184806
2019-05-06,0.03271613590313624
2019-05-07,0.03642707056467732
2019-05-08,0.03468491255769209
2019-05-09,0.03390501747498426
2019-05-10,0.03612779390651999
2019-05-11,0.032524358231836754
2019-05-12,0.04474092311974607
2019-05-13,0.04376936954731713
2019-05-14,0.0468011136901316
2019-05-15,0.060982058599635826
2019-05-16,0.062445368761876924
2019-05-17,0.06427485006678281
2019-05-18,0.07206056988534727
2019-05-19,0.0730473382089995
2019-05-20,0.07128962643570892
2019-05-21,0.0706865931181373
2019-05-22,0.0658885371168664
2019-05-23,0.06836730138464736
2019-05-24,0.059128371069029094
2019-05-25,0.05515090309720283
2019-05-26,0.05332406927966208
2019-05-27,0.050123574517759374
2019-05-28,0.04730490082695583
2019-05-29,0.04519383237344105
2019-05-30,0.04510334794456041
2019-05-31,0.04303093882323117
2019-06-01,0.042476811181563025
2019-06-02,0.041299489426945314
2019-06-03,0.042232995864583435
2019-06-04,0.0442292680532909
2019-06-05,0.042794682407917194
2019-06-06,0.04272742501371227
2019-06-07,0.045163788188504195
2019-06-08,0.041177207147065936
2019-06-09,0.038815606911205114
2019-06-10,0.040199147388268214
2019-06-11,0.041179025688971284
2019-06-12,0.04030781909528055
2019-06-13,0.04483048427886846
2019-06-14,0.04358568404072393
2019-06-15,0.040813138111477555
2019-06-16,0.04278618142706681
2019-06-17,0.03839520421439136
2019-06-18,0.037482985269649736
2019-06-19,0.037116310701222156
2019-06-20,0.03505812653274951
2019-06-21,0.03445552997813906
2019-06-22,0.04101818525559256
2019-06-23,0.04002915578421086
2019-06-24,0.04005898232596688
2019-06-25,0.04486669324933698
2019-06-26,0.03994985883113913
2019-06-27,0.040142680288769744
2019-06-28,0.05472750379931854
2019-06-29,0.0538314014076212
2019-06-30,0.05697296764191829
2019-07-01,0.07052723691843563
2019-07-02,0.05846400926657158
2019-07-03,0.057268347477453886
2019-07-04,0.061682661820778646
2019-07-05,0.053835391521114974
2019-07-06,0.05160993431437755
2019-07-07,0.05086893049933852
2019-07-08,0.05176303362563743
2019-07-09,0.04639262594320936
2019-07-10,0.04512891576080591
2019-07-11,0.0491633535824052
2019-07-12,0.04892240952045547
2019-07-13,0.04772239074366975
2019-07-14,0.05051738369532036
2019-07-15,0.06892213272748433
2019-07-16,0.061789138571687614
2019-07-17,0.07598091734928747
2019-07-18,0.08655031810286175
2019-07-19,0.0738881589282896
2019-07-20,0.08228203469565956
2019-07-21,0.07176673911502365
2019-07-22,0.0672795511133252
2019-07-23,0.06340598490866538
2019-07-24,0.05845849745435072
2019-07-25,0.054402782535154216
2019-07-26,0.05159352512815428
2019-07-27,0.04742896593840767
2019-07-28,0.04722736812039125
2019-07-29,0.044271473511812154
2019-07-30,0.04231750490241885
2019-07-31,0.04321968685808529
2019-08-01,0.03947496179669422
2019-08-02,0.037540358042340474
2019-08-03,0.036429089123792696
2019-08-04,0.03605927575736076
2019-08-05,0.03327570761334952
2019-08-06,0.03500529150850278
2019-08-07,0.03551216134258206
2019-08-08,0.034270126608156544
2019-08-09,0.03689724584989967
2019-08-10,0.037508644493889604
2019-08-11,0.035418731088690085
2019-08-12,0.0378947820384141
2019-08-13,0.03877618702178317
2019-08-14,0.035941804454560654
2019-08-15,0.04864978059084666
2019-08-16,0.04512674478206683
2019-08-17,0.0461250225853684
2019-08-18,0.054086351885367735
2019-08-19,0.04388686967043103
2019-08-20,0.044584465315133125
2019-08-21,0.044354919027028025
2019-08-22,0.045152533322440715
2019-08-23,0.04367947986756918
2019-08-24,0.04226672115739669
2019-08-25,0.04229912880655184
2019-08-26,0.03907787446292889
2019-08-27,0.037388936711872135
2019-08-28,0.03624123720854246
2019-08-29,0.04091512960399304
2019-08-30,0.03905743075436258
2019-08-31,0.03910765017999994
2019-09-01,0.043527450135200325
2019-09-02,0.03716817341446097
2019-09-03,0.037171775746708324
2019-09-04,0.036422824896015164
2019-09-05,0.03471325392177866
2019-09-06,0.035015142425512624
2019-09-07,0.033370904749440086
2019-09-08,0.03511437431225585
2019-09-09,0.033992229195314985
2019-09-10,0.033985691382775914
2019-09-11,0.034717641752436496
2019-09-12,0.03171604769126226
2019-09-13,0.030956013505399702
2019-09-14,0.030262469436861224
2019-09-15,0.030814279041449996
2019-09-16,0.03003357525788289
2019-09-17,0.03128742291933533
2019-09-18,0.035424882445765596
2019-09-19,0.03339951397065659
2019-09-20,0.03700051811580626
2019-09-21,0.03794297243218927
2019-09-22,0.034585215902825435
2019-09-23,0.036390268175133765
2019-09-24,0.03621472112633357
2019-09-25,0.062451234699302936
2019-09-26,0.05894253605126568
2019-09-27,0.06375842212437996
2019-09-28,0.07923534205139533
2019-09-29,0.057958390327115826
2019-09-30,0.05830750476843873
2019-10-01,0.05896428088038576
2019-10-02,0.05110565411761412
2019-10-03,0.04996393223193726
2019-10-04,0.049457093009064486
2019-10-05,0.04410993204578021
2019-10-06,0.04231407244450513
2019-10-07,0.041185768529579704
2019-10-08,0.039626539786262335
2019-10-09,0.03776381667129076
2019-10-10,0.04040472203623769
2019-10-11,0.03974304671960931
2019-10-12,0.03985896412899437
2019-10-13,0.041544204509980635
2019-10-14,0.037620753743107214
2019-10-15,0.039283964853066754
2019-10-16,0.03675887952059081
2019-10-17,0.03617327117228459
2019-10-18,0.035905414781922114
2019-10-19,0.035784322851422884
2019-10-20,0.03458334892713855
2019-10-21,0.032970674531731754
2019-10-22,0.03267728609401867
2019-10-23,0.03120282164237158
2019-10-24,0.03487197307407457
2019-10-25,0.03342354510500169
2019-10-26,0.04591797605787453
2019-10-27,0.046393305036711824
2019-10-28,0.04497817502197912
2019-10-29,0.05315135354645924
2019-10-30,0.04349721325471072
2019-10-31,0.04338821037332344
2019-11-01,0.042193681460468375
2019-11-02,0.04024060414220368
2019-11-03,0.038201623719360894
2019-11-04,0.035720459872857546
2019-11-05,0.03449879263839859
2019-11-06,0.033177709851888705
2019-11-07,0.03209450877255915
2019-11-08,0.03189236424188093
2019-11-09,0.03126295708397325
2019-11-10,0.030376328387651762
2019-11-11,0.03080232122042196
2019-11-12,0.030709034726023217
2019-11-13,0.029557980461925183
2019-11-14,0.02979767250650333
2019-11-15,0.029475449972383546
2019-11-16,0.029581299280834642
2019-11-17,0.029297720400688936
2019-11-18,0.029285726886647066
2019-11-19,0.030683513844663536
2019-11-20,0.029544261170848383
2019-11-21,0.029335336226883783
2019-11-22,0.038419035244865445
2019-11-23,0.04176005483835907
2019-11-24,0.042041180032686934
2019-11-25,0.05231383862189682
2019-11-26,0.049245951143906945
2019-11-27,0.045329033829244234
2019-11-28,0.048916088288238
2019-11-29,0.042468388822322185
2019-11-30,0.04073888573262394
2019-12-01,0.04000272720912227
2019-12-02,0.03701473031683682
2019-12-03,0.03612979208554784
2019-12-04,0.034668690802027356
2019-12-05,0.03298415371741326
2019-12-06,0.03229299304271744
2019-12-07,0.030958896353567505
2019-12-08,0.03006407092722253
2019-12-09,0.029691154448250344
2019-12-10,0.029275109524154293
2019-12-11,0.02896709101613445
2019-12-12,0.02930984951918299
2019-12-13,0.029260611541669892
2019-12-14,0.028598593186080795
2019-12-15,0.02882209784874289
2019-12-16,0.02798466400063358
2019-12-17,0.03389161757352759
2019-12-18,0.04110041894212711
2019-12-19,0.0460849228949398
2019-12-20,0.05043531775759014
2019-12-21,0.05208079114273252
2019-12-22,0.04998265320120175
2019-12-23,0.04542238502104615
2019-12-24,0.04374047908296791
2019-12-25,0.04140829544887376
2019-12-26,0.04028334021397615
2019-12-27,0.03830274790583277
2019-12-28,0.035764684698040845
2019-12-29,0.03481805404674795
2019-12-30,0.035322014503924616
2019-12-31,0.0340446213517566
2020-01-01,0.03424362122328832
2020-01-02,0.03543004817823979
2020-01-03,0.03339818000786622
2020-01-04,0.0357444583055471
2020-01-05,0.034186836759760315
2020-01-06,0.03446160080460399
2020-01-07,0.038584319884768306
2020-01-08,0.034679856609351245
2020-01-09,0.03513024968190609
2020-01-10,0.03753015477987314
2020-01-11,0.034193228917405886
2020-01-12,0.03385357702025204
2020-01-13,0.0337066455797114
2020-01-14,0.033219986702214245
2020-01-15,0.049905308060475224
2020-01-16,0.04705679598667932
2020-01-17,0.04935880456687183
2020-01-18,0.06133813404142783
2020-01-19,0.046413544501700474
2020-01-20,0.048336280686126464
2020-01-21,0.047806263419469266
2020-01-22,0.0433615538973533
2020-01-23,0.043515146217122234
2020-01-24,0.04038538249275393
2020-01-25,0.03824607583672648
2020-01-26,0.0370497595511813
2020-01-27,0.03775645445932595
2020-01-28,0.03515600628779826
2020-01-29,0.03544650729405116
2020-01-30,0.035683840859915085
2020-01-31,0.036150516822624
2020-02-01,0.036323718809274506
2020-02-02,0.035417834794398695
2020-02-03,0.03760093646681004
2020-02-04,0.03452807537115996
2020-02-05,0.03332566814702897
2020-02-06,0.03891422604632371
2020-02-07,0.03767580488331931
2020-02-08,0.03990635209000743
2020-02-09,0.04366180416071616
2020-02-10,0.03941816405814839
2020-02-11,0.039801222516073924
2020-02-12,0.039605595787566214
2020-02-13,0.05003860843787371
2020-02-14,0.04785554197359593
2020-02-15,0.052616121571405355
2020-02-16,0.061324993642455576
2020-02-17,0.050763294550651684
2020-02-18,0.05310138583238398
2020-02-19,0.054810044584993355
2020-02-20,0.05290975637213484
2020-02-21,0.05125795373205066
2020-02-22,0.05236502062712796
2020-02-23,0.052265324942607654
2020-02-24,0.046385778023373216
2020-02-25,0.0460124218822218
2020-02-26,0.047625762142845994
2020-02-27,0.05294629524785722
2020-02-28,0.05063173355912499
2020-02-29,0.052837151636883725
2020-03-01,0.05444961706244505
2020-03-02,0.04550192028364243
2020-03-03,0.04644263128706239
2020-03-04,0.0454251659592978
2020-03-05,0.041699338792259115
2020-03-06,0.04260726555351876
2020-03-07,0.04238927586565727
2020-03-08,0.04008249467787037
2020-03-09,0.06249049939684338
2020-03-10,0.06005252089925702
2020-03-11,0.060811549687025394
2020-03-12,0.07508299591457808
2020-03-13,0.16482418439303861
2020-03-14,0.15913521643975578
2020-03-15,0.17232014070500462
2020-03-16,0.22332281902185877
2020-03-17,0.16522948308596797
2020-03-18,0.1575638780273137
2020-03-19,0.15212696460564099
2020-03-20,0.14299076862859245
2020-03-21,0.12892695048514985
2020-03-22,0.12141733901603298
2020-03-23,0.12183659249579343
2020-03-24,0.10586456193886067
2020-03-25,0.09881276428220025
2020-03-26,0.09479935056369514
2020-03-27,0.08680156134897696
2020-03-28,0.07808621971682866
2020-03-29,0.07257305388296595
2020-03-30,0.06755805878430352
2020-03-31,0.06433406861839906
2020-04-01,0.05947774158485904
2020-04-02,0.056705237846405035
2020-04-03,0.055047210052399834
2020-04-04,0.049356183258949624
2020-04-05,0.04728844393794346
2020-04-06,0.04589656830653543
2020-04-07,0.06150401550199981
2020-04-08,0.05793830428883749
2020-04-09,0.06077448696271244
2020-04-10,0.0727242315637585
2020-04-11,0.059324035978937546
2020-04-12,0.05831093606771653
2020-04-13,0.056436181981667284
2020-04-14,0.05555870486518531
2020-04-15,0.04874479315790591
2020-04-16,0.04727230575823888
2020-04-17,0.05529496626468458
2020-04-18,0.050581004271938915
2020-04-19,0.05643664564250492
2020-04-20,0.06180852295330883
2020-04-21,0.053907008635066124
2020-04-22,0.05688632503231801
2020-04-23,0.053243462124469225
2020-04-24,0.050997941408961245
2020-04-25,0.04764735462404019
2020-04-26,0.04760519428817212
2020-04-27,0.04291119336405309
2020-04-28,0.04103915212166411
2020-04-29,0.03954381153594508
2020-04-30,0.043866523604976136
2020-05-01,0.04329300173618479
2020-05-02,0.04382429026843724
2020-05-03,0.04850615283803011
2020-05-04,0.04284219131250915
2020-05-05,0.04079064028745335
2020-05-06,0.03901407545339019
2020-05-07,0.037177918598122146
2020-05-08,0.03674616354651495
2020-05-09,0.0349451635305159
2020-05-10,0.034140919252404846
2020-05-11,0.04737407783964416
2020-05-12,0.04367394220004212
2020-05-13,0.045522220804921125
2020-05-14,0.055908737493651536
2020-05-15,0.04392127606873413
2020-05-16,0.04505941563018195
2020-05-17,0.04597806175006915
2020-05-18,0.04154198741080348
2020-05-19,0.04228219370001324
2020-05-20,0.03982904933689812
2020-05-21,0.03853556069025039
2020-05-22,0.040010610847911646
2020-05-23,0.03827711382554377
2020-05-24,0.037651361349760215
2020-05-25,0.03986060433393008
2020-05-26,0.036874189025659004
2020-05-27,0.035322736825404565
2020-05-28,0.03648981288923135
2020-05-29,0.036597236041268834
2020-05-30,0.03555154841931758
2020-05-31,0.04414101902116898
2020-06-01,0.045232885249421435
2020-06-02,0.047105102114589244
2020-06-03,0.053470419686968126
2020-06-04,0.04851048680903577
2020-06-05,0.04861384930344613
2020-06-06,0.04563781941919665
2020-06-07,0.04204575427630812
2020-06-08,0.03973901035674875
2020-06-09,0.03764716350818659
2020-06-10,0.03542598304739223
2020-06-11,0.03397163912184292
2020-06-12,0.03752853085948423
2020-06-13,0.03622096754368861
2020-06-14,0.03616339188374508
2020-06-15,0.040009149149930666
2020-06-16,0.03511761827908242
2020-06-17,0.034318575426874914
2020-06-18,0.034179492265938013
2020-06-19,0.032353249308887354
2020-06-20,0.03201251912232429
2020-06-21,0.03086271440325184
2020-06-22,0.03000896522419242
2020-06-23,0.03370896615918074
2020-06-24,0.031898845716556774
2020-06-25,0.03365612352599251
2020-06-26,0.03620490962478417
2020-06-27,0.03254933288344096
2020-06-28,0.034707892619913715
2020-06-29,0.03274841044272562
2020-06-30,0.03195458634501579
2020-07-01,0.03227552350826127
2020-07-02,0.03061996538782837
2020-07-03,0.03004104962883559
2020-07-04,0.029968827229698767
2020-07-05,0.029659709222085457
2020-07-06,0.028889215409611608
2020-07-07,0.03295181881975616
2020-07-08,0.03181767666097428
2020-07-09,0.032981896474122835
2020-07-10,0.035993474582564466
2020-07-11,0.03202714801589234
2020-07-12,0.032551064945187544
2020-07-13,0.0314174071331147
2020-07-14,0.030118641096374684
2020-07-15,0.029492144295927208
2020-07-16,0.02886315397132322
2020-07-17,0.02889911555611784
2020-07-18,0.02814492110815549
2020-07-19,0.0280373849803751
2020-07-20,0.028250645339643155
2020-07-21,0.027395665402934154
2020-07-22,0.028900750873102895
2020-07-23,0.03387912076897228
2020-07-24,0.035298729464754236
2020-07-25,0.03683916203880478
2020-07-26,0.04590827623222942
2020-07-27,0.042416764949163244
2020-07-28,0.04272154172060868
2020-07-29,0.04729904836431255
2020-07-30,0.039810469676124616
2020-07-31,0.04195221022508783
2020-08-01,0.04045945544739473
2020-08-02,0.04846797191109298
2020-08-03,0.049157709968795184
2020-08-04,0.04947090361748794
2020-08-05,0.05529726415015263
2020-08-06,0.04719419692042418
2020-08-07,0.04590242688460218
2020-08-08,0.04483741132960835
2020-08-09,0.04316845625433057
2020-08-10,0.04116824743513154
2020-08-11,0.040797625262210674
2020-08-12,0.04018727186313687
2020-08-13,0.03794954068435072
2020-08-14,0.044762777046846426
2020-08-15,0.043994563665572244
2020-08-16,0.043185516640152084
2020-08-17,0.04789611773959614
2020-08-18,0.03976417968625166
2020-08-19,0.03864621334253804
2020-08-20,0.03926484966316432
2020-08-21,0.036992027091653834
2020-08-22,0.04110497032460159
2020-08-23,0.0409107677739779
2020-08-24,0.03934961614414601
2020-08-25,0.04361160550411092
2020-08-26,0.041750058560857006
2020-08-27,0.04033248064256224
2020-08-28,0.04143562338672585
2020-08-29,0.042344923391614
2020-08-30,0.03726878938437012
2020-08-31,0.04115006444482579
2020-09-01,0.040072731903506194
2020-09-02,0.04585985008701827
2020-09-03,0.052619015631626104
2020-09-04,0.061449792099329145
2020-09-05,0.06401153624560783
2020-09-06,0.07622057312218876
2020-09-07,0.07890021651050179
2020-09-08,0.07009878925161006
2020-09-09,0.07971334693837206
2020-09-10,0.06683609953129567
2020-09-11,0.06287839171744981
2020-09-12,0.06169137028981578
2020-09-13,0.056443387324427406
2020-09-14,0.05587984338447603
2020-09-15,0.052106854243678516
2020-09-16,0.050736210407674655
2020-09-17,0.04985548192189534
2020-09-18,0.04820698876724065
2020-09-19,0.04608362116811407
2020-09-20,0.04355050291066264
2020-09-21,0.04553962262336631
2020-09-22,0.046771136547399894
2020-09-23,0.04441371821334953
2020-09-24,0.04979809298956016
2020-09-25,0.056031303386908135
2020-09-26,0.04948485018842406
2020-09-27,0.05302557800187465
2020-09-28,0.05202827561482575
2020-09-29,0.044159713936644314
2020-09-30,0.042993809107057857
2020-10-01,0.04039183337347819
2020-10-02,0.037877579108412836
2020-10-03,0.036699388814753625
2020-10-04,0.03481630397327707
2020-10-05,0.03407974431325874
2020-10-06,0.03281016161306927
2020-10-07,0.033097282099462305
2020-10-08,0.03216346977923585
2020-10-09,0.03207776943813954
2020-10-10,0.03468232624801268
2020-10-11,0.032188875135246715
2020-10-12,0.03266490205303299
2020-10-13,0.03420666148552616
2020-10-14,0.03187789590510692
2020-10-15,0.03150761708233054
2020-10-16,0.03192774310894035
2020-10-17,0.031441391881659946
2020-10-18,0.03034045056299649
2020-10-19,0.030740706193097586
2020-10-20,0.0309731941059164
2020-10-21,0.030450524901169028
2020-10-22,0.03458255218950317
2020-10-23,0.03612274414802587
2020-10-24,0.03683137651889016
2020-10-25,0.03906047688638654
2020-10-26,0.03759016339274125
2020-10-27,0.035430111910848744
2020-10-28,0.03510279635463191
2020-10-29,0.035984556727144255
2020-10-30,0.0353238039587867
2020-10-31,0.034320456059413196
2020-11-01,0.034566056807377336
2020-11-02,0.03244297812719831
2020-11-03,0.033134428934451246
2020-11-04,0.032219928757071845
2020-11-05,0.033436105456537454
2020-11-06,0.03414352672404219
2020-11-07,0.04123704754962227
2020-11-08,0.04242012633647888
2020-11-09,0.0438113868123659
2020-11-10,0.04925696368132874
2020-11-11,0.042948550339753075
2020-11-12,0.042261259372525645
2020-11-13,0.040243426614422505
2020-11-14,0.0381584428066872
2020-11-15,0.038224098529884204
2020-11-16,0.03682849025586898
2020-11-17,0.036837155940895004
2020-11-18,0.03785594889823879
2020-11-19,0.03624009760714633
2020-11-20,0.035717790929071055
2020-11-21,0.04152011966296549
2020-11-22,0.04320755511128231
2020-11-23,0.04308043358767249
2020-11-24,0.05285130004658963
2020-11-25,0.05016711210811594
2020-11-26,0.04904278141939829
2020-11-27,0.05920789619263406
2020-11-28,0.05173014144156878
2020-11-29,0.05460796879389577
2020-11-30,0.05947816221259347
2020-12-01,0.052955338779317226
2020-12-02,0.05437836798081899
2020-12-03,0.05460107540155751
2020-12-04,0.051913532370289284
2020-12-05,0.053731652897282836
2020-12-06,0.05117294176105276
2020-12-07,0.049959537552802365
2020-12-08,0.05228661213357868
2020-12-09,0.04978588849524458
2020-12-10,0.04686074562901807
2020-12-11,0.04657177999147262
2020-12-12,0.04763619741775673
2020-12-13,0.04397410544686337
2020-12-14,0.04317249777618449
2020-12-15,0.041658680882794785
2020-12-16,0.04028240881747808
2020-12-17,0.04362295625108022
2020-12-18,0.04044282227109874
2020-12-19,0.040342294664788364
2020-12-20,0.04356839555552491
2020-12-21,0.03800135074665756
2020-12-22,0.03939451839005381
2020-12-23,0.03946957240378846
2020-12-24,0.045587290845694926
2020-12-25,0.04635332171494391
2020-12-26,0.04589188607098604
2020-12-27,0.049463994058539684
2020-12-28,0.04764703029929486
2020-12-29,0.04816482403697499
2020-12-30,0.04687139800375129
2020-12-31,0.04913885408786761
2021-01-01,0.046941689708230455
2021-01-02,0.04184266641558489
2021-01-03,0.04400176528016455
2021-01-04,0.07631428444319024
2021-01-05,0.07284516286262131
2021-01-06,0.079601667761499
2021-01-07,0.10074329173930775
2021-01-08,0.07666209363896459
2021-01-09,0.07587993461101358
2021-01-10,0.07685894971089084
2021-01-11,0.06437776069643128
2021-01-12,0.07404892031639868
2021-01-13,0.07084460026099093
2021-01-14,0.0712482599838541
2021-01-15,0.08114187085225831
2021-01-16,0.06872093960023565
2021-01-17,0.07001161851040111
2021-01-18,0.06670029278275398
2021-01-19,0.05980908966935778
2021-01-20,0.062469329515289315
2021-01-21,0.05662606430140314
2021-01-22,0.08040208236162694
2021-01-23,0.08266150991436848
2021-01-24,0.08005724840744743
2021-01-25,0.10232970365886745
2021-01-26,0.08470296978093687
2021-01-27,0.07941958565612853
2021-01-28,0.08670779058875297
2021-01-29,0.07516654530744998
2021-01-30,0.07123323843794802
2021-01-31,0.07110271979050325
2021-02-01,0.06494410789227348
2021-02-02,0.06056573810447918
2021-02-03,0.06310661000431028
2021-02-04,0.06478880417132438
2021-02-05,0.06280999535090888
2021-02-06,0.06869505706970085
2021-02-07,0.06478574271318743
2021-02-08,0.05998928298015359
2021-02-09,0.06346379760058309
2021-02-10,0.05671826402112015
2021-02-11,0.055099429554665895
2021-02-12,0.055434065984402335
2021-02-13,0.04848242451188578
2021-02-14,0.04648524600535831
2021-02-15,0.044302973185095
2021-02-16,0.04180350852366941
2021-02-17,0.03911960869268542
2021-02-18,0.038237090730957705
2021-02-19,0.03853554372606148
2021-02-20,0.03673069341872982
2021-02-21,0.03755047392953603
2021-02-22,0.036950319324389
2021-02-23,0.04130979741480489
2021-02-24,0.05372920911628579
2021-02-25,0.052431617281505506
2021-02-26,0.06438557330757307
2021-02-27,0.06732955277392244
2021-02-28,0.05750559754125718
2021-03-01,0.06237490792031103
2021-03-02,0.06010460820090636
2021-03-03,0.057174828612909824
2021-03-04,0.05874864309770769
2021-03-05,0.06076640833891067
2021-03-06,0.05358097195945169
2021-03-07,0.05583958026923342
2021-03-08,0.05248304414710261
2021-03-09,0.052401562498543046
2021-03-10,0.0538343274546015
2021-03-11,0.04994460355051227
2021-03-12,0.04941810098363657
2021-03-13,0.045819320213631214
2021-03-14,0.04961427863482954
2021-03-15,0.04725812863448643
2021-03-16,0.04776058785915977
2021-03-17,0.050080406650288116
2021-03-18,0.04420371979913739
2021-03-19,0.04306645394757876
2021-03-20,0.04049430279612236
2021-03-21,0.037981078740060625
2021-03-22,0.03707635505063201
2021-03-23,0.0384908850416263
2021-03-24,0.03640925349859677
2021-03-25,0.039212609150744565
2021-03-26,0.04033856975121594
2021-03-27,0.040641056097688984
2021-03-28,0.04173209359115867
2021-03-29,0.03896798667953088
2021-03-30,0.045681840649765534
2021-03-31,0.04058409252857352
2021-04-01,0.04168209163418718
2021-04-02,0.045098577515912286
2021-04-03,0.04465024399813684
2021-04-04,0.04679420248094314
2021-04-05,0.04655230798766924
2021-04-06,0.04900558881567332
2021-04-07,0.04517109797647111
2021-04-08,0.046504932270087625
2021-04-09,0.04647600523702603
2021-04-10,0.04493170901364881
2021-04-11,0.04844832793564869
2021-04-12,0.04454707574051862
2021-04-13,0.040597504064178544
2021-04-14,0.04453875976964669
2021-04-15,0.0438608691086576
2021-04-16,0.04356058673595396
2021-04-17,0.047584420971631264
2021-04-18,0.04547233582217801
2021-04-19,0.044613987549086874
2021-04-20,0.04469841950013073
2021-04-21,0.047342533135136866
2021-04-22,0.04598051936738212
2021-04-23,0.04442939655274822
2021-04-24,0.04612175352560614
2021-04-25,0.04438431253428294
2021-04-26,0.044121301711588415
2021-04-27,0.04993002168289764
2021-04-28,0.05210629371075372
2021-04-29,0.050111932503512785
2021-04-30,0.0529500146927448
2021-05-01,0.04707907156280188
2021-05-02,0.046872666876608
2021-05-03,0.044083111029032514
2021-05-04,0.05913292931450796
2021-05-05,0.059321677820582355
2021-05-06,0.06205959492873822
2021-05-07,0.07206489043527244
2021-05-08,0.059438624334120886
2021-05-09,0.06719858672787331
2021-05-10,0.060829615813452295
2021-05-11,0.05801802829375336
2021-05-12,0.06446306425051794
2021-05-13,0.05946587611084127
2021-05-14,0.056946852908531596
2021-05-15,0.06320442881641292
2021-05-16,0.07068146120232509
2021-05-17,0.06319796237123075
2021-05-18,0.07193798627483403
2021-05-19,0.07134276439938186
2021-05-20,0.10868423126642994
2021-05-21,0.10951091951608076
2021-05-22,0.11724122836680287
2021-05-23,0.14261894248427742
2021-05-24,0.11550603279105967
2021-05-25,0.12978803324565036
2021-05-26,0.11978371163739396
2021-05-27,0.11567287027798834
2021-05-28,0.12359796460269952
2021-05-29,0.10560721784894703
2021-05-30,0.10220031142071538
2021-05-31,0.09808508872743579
2021-06-01,0.10021243882869302
2021-06-02,0.0897892659340298
2021-06-03,0.08539889921300745
2021-06-04,0.08695239021729556
2021-06-05,0.07580199026051468
2021-06-06,0.07141705744894676
2021-06-07,0.06890979851894005
2021-06-08,0.06504504026355984
2021-06-09,0.059580987220731275
2021-06-10,0.057132732249989784
2021-06-11,0.056448815557740915
2021-06-12,0.05365720231078725
2021-06-13,0.051225373793846216
2021-06-14,0.05250451043014699
2021-06-15,0.0490465386423521
2021-06-16,0.045861021601565195
2021-06-17,0.05380177967416432
2021-06-18,0.04842010773374931
2021-06-19,0.051658032960879785
2021-06-20,0.05614834376360953
2021-06-21,0.04766462888370905
2021-06-22,0.06969663171829259
2021-06-23,0.06368831786147583
2021-06-24,0.06696902387133477
2021-06-25,0.07949748667781154
2021-06-26,0.0655786607366999
2021-06-27,0.06517331046434488
2021-06-28,0.06582578024880531
2021-06-29,0.06593388848048114
2021-06-30,0.05933079033322863
2021-07-01,0.061681476264479146
2021-07-02,0.05997018293963474
2021-07-03,0.05587680021985796
2021-07-04,0.055728355236017275
2021-07-05,0.05559415442022733
2021-07-06,0.0513374118657232
2021-07-07,0.05190858535284239
2021-07-08,0.04994784543699363
2021-07-09,0.05479638476815016
2021-07-10,0.05175341790000268
2021-07-11,0.0491306397281654
2021-07-12,0.052881776215893864
2021-07-13,0.046492532408434824
2021-07-14,0.046668845118602365
2021-07-15,0.04555138104816139
2021-07-16,0.046615801011767245
2021-07-17,0.04483710172122019
2021-07-18,0.04183303999408611
2021-07-19,0.041382319547645395
2021-07-20,0.03983094852078062
2021-07-21,0.03786359818572514
2021-07-22,0.0472681213892674
2021-07-23,0.046084023972391835
2021-07-24,0.04718189266370307
2021-07-25,0.05405305166407708
2021-07-26,0.044175803630316604
2021-07-27,0.04495060191236244
2021-07-28,0.043047467859802825
2021-07-29,0.03903014042379869
2021-07-30,0.03920592652124027
2021-07-31,0.038641327736122555
2021-08-01,0.036922868061568165
2021-08-02,0.03703402097332774
2021-08-03,0.036009597714550895
2021-08-04,0.03634299991909417
2021-08-05,0.04167735496366907
2021-08-06,0.04138478247819299
2021-08-07,0.04321598875755617
2021-08-08,0.05209265214507463
2021-08-09,0.0475899772395649
2021-08-10,0.04893371479414288
2021-08-11,0.052703629917807096
2021-08-12,0.0466237224596765
2021-08-13,0.04656358414583459
2021-08-14,0.04926561079852074
2021-08-15,0.04636833652256363
2021-08-16,0.04717362015252925
2021-08-17,0.05127798407477299
2021-08-18,0.045521992524803295
2021-08-19,0.044242703933310555
2021-08-20,0.047006602014575266
2021-08-21,0.044567257143509204
2021-08-22,0.04180460796732885
2021-08-23,0.04263364969137921
2021-08-24,0.03953434148104017
2021-08-25,0.03953370445936255
2021-08-26,0.03783207369198026
2021-08-27,0.038706946781614224
2021-08-28,0.041321331748676846
2021-08-29,0.038180090768013125
2021-08-30,0.03910285558661221
2021-08-31,0.03871634046212034
2021-09-01,0.03859601579037437
2021-09-02,0.04803803867495731
2021-09-03,0.04616385729590781
2021-09-04,0.050542450308423435
2021-09-05,0.0546259577261243
2021-09-06,0.044554484176687933
2021-09-07,0.0447435532834156
2021-09-08,0.057224518302048166
2021-09-09,0.05266926004730786
2021-09-10,0.05436492976470384
2021-09-11,0.06673650264937696
2021-09-12,0.05210823032034325
2021-09-13,0.05301879472478791
2021-09-14,0.05502563111749364
2021-09-15,0.048738405268512267
2021-09-16,0.050100474881259655
2021-09-17,0.04797114430942642
2021-09-18,0.04774111510530508
2021-09-19,0.04634660011742938
2021-09-20,0.04362833075144314
2021-09-21,0.055064195608880644
2021-09-22,0.05376063780379803
2021-09-23,0.06187007009045155
2021-09-24,0.06757325748657804
2021-09-25,0.06448028710314171
2021-09-26,0.06584053366402563
2021-09-27,0.05935516660036155
2021-09-28,0.060239130412689204
2021-09-29,0.055318096309342764
2021-09-30,0.05319891841690676
2021-10-01,0.05265444846922128
2021-10-02,0.056021622876443765
2021-10-03,0.05221358665082176
2021-10-04,0.05281278760243481
2021-10-05,0.05496700208721087
2021-10-06,0.04732589141513364
2021-10-07,0.045365109285618634
2021-10-08,0.0435598460384646
2021-10-09,0.04142169004625723
2021-10-10,0.03831333578669675
2021-10-11,0.038390598570669794
2021-10-12,0.037528973264980045
2021-10-13,0.03640761328789934
2021-10-14,0.03817336379297369
2021-10-15,0.038127781185527516
2021-10-16,0.03653009955736786
2021-10-17,0.03676809252980855
2021-10-18,0.03668691976420853
2021-10-19,0.03440844338427244
2021-10-20,0.03436877464086697
2021-10-21,0.03823765234383
2021-10-22,0.038008929117744165
2021-10-23,0.03867235813326778
2021-10-24,0.043046878459649905
2021-10-25,0.038667239259891364
2021-10-26,0.03892760551639615
2021-10-27,0.039946085826285
2021-10-28,0.03919895617357795
2021-10-29,0.045059268976118116
2021-10-30,0.04386209790292179
2021-10-31,0.04576462933120413
2021-11-01,0.04801978005158455
2021-11-02,0.04109531199224197
2021-11-03,0.042887988560947304
2021-11-04,0.04056275623979412
2021-11-05,0.03893938944154834
2021-11-06,0.04048368491034695
2021-11-07,0.03575057671412478
2021-11-08,0.03524378768503369
2021-11-09,0.035620585765607275
2021-11-10,0.03396669628563638
2021-11-11,0.03427476892464779
2021-11-12,0.034737536802675974
2021-11-13,0.0327133082446451
2021-11-14,0.0322712628876181
2021-11-15,0.031308491617514506
2021-11-16,0.030514083940556585
2021-11-17,0.037036712047694625
2021-11-18,0.03563063824062233
2021-11-19,0.041644114172454366
2021-11-20,0.049293037815794596
2021-11-21,0.044051025068598544
2021-11-22,0.04891068144581604
2021-11-23,0.04903959639473036
2021-11-24,0.04636055120045869
2021-11-25,0.04633680942813086
2021-11-26,0.045436533188367566
2021-11-27,0.04738059525726018
2021-11-28,0.043261646787586476
2021-11-29,0.043647454878235493
2021-11-30,0.04552460089034668
2021-12-01,0.04208975737128199
2021-12-02,0.042377666573370706
2021-12-03,0.04057913032624202
2021-12-04,0.04342751325297128
2021-12-05,0.04097336043990973
2021-12-06,0.04073992737275115
2021-12-07,0.0442033767090959
2021-12-08,0.03889637593509024
2021-12-09,0.03840591185150585
2021-12-10,0.04372061659612041
2021-12-11,0.04292716188556479
2021-12-12,0.04456017543816382
2021-12-13,0.04769358293755008
2021-12-14,0.050640024165972054
2021-12-15,0.04776339844338697
2021-12-16,0.05040343747574983
2021-12-17,0.05361683832924814
2021-12-18,0.0466548808946452
2021-12-19,0.04883727969781079
2021-12-20,0.043606819623836925
2021-12-21,0.0410885879264998
2021-12-22,0.03973230592738026
2021-12-23,0.037068546488163615
2021-12-24,0.036194000254863586
2021-12-25,0.03526603478923039
2021-12-26,0.03372312090503673
2021-12-27,0.03344364904250809
2021-12-28,0.03179829936901797
2021-12-29,0.03523384678392667
2021-12-30,0.03641984257839707
2021-12-31,0.03653374705021718
2022-01-01,0.039809867485269095
2022-01-02,0.037756755178022794
2022-01-03,0.03522271358920546
2022-01-04,0.03472774534945733
2022-01-05,0.03358709943841257
2022-01-06,0.03733966282636622
2022-01-07,0.03758911465457879
2022-01-08,0.04196017546207503
2022-01-09,0.04549881739870975
2022-01-10,0.0427685971939424
2022-01-11,0.04527183126365571
2022-01-12,0.04290814057118816
2022-01-13,0.04178617913224762
2022-01-14,0.04245442757339988
2022-01-15,0.042070374034131754
2022-01-16,0.0400314291894341
2022-01-17,0.03875259926539723
2022-01-18,0.038095335541918886
2022-01-19,0.036320518592002006
2022-01-20,0.035950268852930733
2022-01-21,0.037569805506278996
2022-01-22,0.05705299954216515
2022-01-23,0.05661634021663078
2022-01-24,0.06082896812043304
2022-01-25,0.07377040189716938
2022-01-26,0.05907067884281878
2022-01-27,0.05728300680317908
2022-01-28,0.05521801343200946
2022-01-29,0.05043366100907097
2022-01-30,0.04787462489859251
2022-01-31,0.045695913180541406
2022-02-01,0.04501225017124009
2022-02-02,0.0421468157345138
2022-02-03,0.041633429942740295
2022-02-04,0.04062107495517503
2022-02-05,0.04924463562632757
2022-02-06,0.046844652681625416
2022-02-07,0.04617105112752884
2022-02-08,0.053288716480472106
2022-02-09,0.04260764861094772
2022-02-10,0.04274781044430413
2022-02-11,0.04433972202912021
2022-02-12,0.0429337704289908
2022-02-13,0.04271309967927425
2022-02-14,0.04311497890174784
2022-02-15,0.04127527946349707
2022-02-16,0.0434869254280015
2022-02-17,0.04185911939191612
2022-02-18,0.04762591770205085
2022-02-19,0.05065153593427822
2022-02-20,0.04566868981433187
2022-02-21,0.051831250988035524
2022-02-22,0.04588492723193925
2022-02-23,0.04371966866088251
2022-02-24,0.04490420385666932
2022-02-25,0.04022279125702434
2022-02-26,0.042106274586333044
2022-02-27,0.04004031307298459
2022-02-28,0.041998285880173694
2022-03-01,0.0523802038674744
2022-03-02,0.04777689095611356
2022-03-03,0.05111148394014941
2022-03-04,0.05587338031575911
2022-03-05,0.05089685974717397
2022-03-06,0.049555658295460485
2022-03-07,0.05143281923259465
2022-03-08,0.05187615747266771
2022-03-09,0.0460074326734536
2022-03-10,0.0483103821136997
2022-03-11,0.046799469022828354
2022-03-12,0.0450606787510273
2022-03-13,0.04551050223977777
2022-03-14,0.043173513659553964
2022-03-15,0.04035658939200655
2022-03-16,0.038556282672864886
2022-03-17,0.040223908597629275
2022-03-18,0.03831320429357207
2022-03-19,0.038898372793684015
2022-03-20,0.04001989482124801
2022-03-21,0.03731302264611622
2022-03-22,0.03784379800719772
2022-03-23,0.03562690501599958
2022-03-24,0.03540330048115446
2022-03-25,0.03413350587056656
2022-03-26,0.0332763672253639
2022-03-27,0.03223748528737594
2022-03-28,0.03378282731955892
2022-03-29,0.03217593512618478
2022-03-30,0.03231022860995891
2022-03-31,0.03358058663652909
2022-04-01,0.03197944302417732
2022-04-02,0.034217404500955735
2022-04-03,0.03319602270301362
2022-04-04,0.03433029616780914
2022-04-05,0.03475553096597309
2022-04-06,0.032822566227339034
2022-04-07,0.038735322225702515
2022-04-08,0.03720661738666322
2022-04-09,0.03854882593590519
2022-04-10,0.04204627606417648
2022-04-11,0.036046907708552865
2022-04-12,0.04140763999884129
2022-04-13,0.04003550938668409
2022-04-14,0.039920271061588845
2022-04-15,0.044599492071039276
2022-04-16,0.038064357177599574
2022-04-17,0.037837400512274424
2022-04-18,0.037827862962692645
2022-04-19,0.03476285303366446
2022-04-20,0.03402461075434649
2022-04-21,0.033607146656008904
2022-04-22,0.033144583354153566
2022-04-23,0.03199319168174726
2022-04-24,0.03145651520122475
2022-04-25,0.03160585563235681
2022-04-26,0.030662292684670328
2022-04-27,0.035988611461006244
2022-04-28,0.035429296790556036
2022-04-29,0.03658897456562386
2022-04-30,0.04183845749922197
2022-05-01,0.03756654572329645
2022-05-02,0.037969290690739316
2022-05-03,0.03889182086198136
2022-05-04,0.03718400795598684
2022-05-05,0.03903769673727097
2022-05-06,0.041592835139478194
2022-05-07,0.041265358135066925
2022-05-08,0.04319201376380633
2022-05-09,0.04544380172128621
2022-05-10,0.05182451847193368
2022-05-11,0.05104521848576143
2022-05-12,0.06329486132447087
2022-05-13,0.06824715099317376
2022-05-14,0.061522674966570004
2022-05-15,0.06829792664195464
2022-05-16,0.05954122396914306
2022-05-17,0.05710149200813563
2022-05-18,0.05539635900154104
2022-05-19,0.05798938657770266
2022-05-20,0.05748262096859618
2022-05-21,0.05472075827047831
2022-05-22,0.05700413062869447
2022-05-23,0.05151401350062057
2022-05-24,0.04891685150956029
2022-05-25,0.04615094310989235
2022-05-26,0.04434432132373555
2022-05-27,0.04734985229787425
2022-05-28,0.045446688829769044
2022-05-29,0.04502478418671744
2022-05-30,0.04853096802534754
2022-05-31,0.050886431881097934
2022-06-01,0.04794740153198059
2022-06-02,0.05173672320425026
2022-06-03,0.05469309652918985
2022-06-04,0.04821192986327582
2022-06-05,0.04932116353837331
2022-06-06,0.044253301946847776
2022-06-07,0.043048033651723557
2022-06-08,0.04090892983429428
2022-06-09,0.03853917104250054
2022-06-10,0.03764054293994182
2022-06-11,0.041421120853440595
2022-06-12,0.045736392969666896
2022-06-13,0.047459116263554126
2022-06-14,0.07262866833559116
2022-06-15,0.06971878008532659
2022-06-16,0.07006616947390848
2022-06-17,0.09224376940846687
2022-06-18,0.07242096922946122
2022-06-19,0.07738699899664717
2022-06-20,0.09075579492623602
2022-06-21,0.0749585538068442
2022-06-22,0.07805789455909101
2022-06-23,0.08029680917545014
2022-06-24,0.0700850274049639
2022-06-25,0.07020082207187994
2022-06-26,0.06916146411264251
2022-06-27,0.06625808704432695
2022-06-28,0.0617245889544209
2022-06-29,0.057105291992969445
2022-06-30,0.05544181934880565
2022-07-01,0.05170406343430938
2022-07-02,0.049956100303955545
2022-07-03,0.047213371719897805
2022-07-04,0.04377931164694652
2022-07-05,0.044955818427334884
2022-07-06,0.04236589051344812
2022-07-07,0.04289238895934231
2022-07-08,0.04602030879127604
2022-07-09,0.040853387757160194
2022-07-10,0.041303777604012666
2022-07-11,0.04139559098050141
2022-07-12,0.041895731654731885
2022-07-13,0.04345603427251491
2022-07-14,0.04778231756057764
2022-07-15,0.05135561866060716
2022-07-16,0.05030841434553319
2022-07-17,0.056524029976665204
2022-07-18,0.0539821075794325
2022-07-19,0.06850581169596202
2022-07-20,0.06867398832596174
2022-07-21,0.06516650811717242
2022-07-22,0.07702830030246378
2022-07-23,0.06024885752087027
2022-07-24,0.057691904344975745
2022-07-25,0.0568445990670063
2022-07-26,0.058119064974125
2022-07-27,0.05415872199935372
2022-07-28,0.06413577433897756
2022-07-29,0.06698696256284122
2022-07-30,0.059984863698850775
2022-07-31,0.06743482541048339
2022-08-01,0.05688472619712708
2022-08-02,0.05265872031657744
2022-08-03,0.050878990196055233
2022-08-04,0.0462349877144165
2022-08-05,0.04399707082173191
2022-08-06,0.04558995194755829
2022-08-07,0.0432033238991974
2022-08-08,0.042204363409632066
2022-08-09,0.04626825187208034
2022-08-10,0.04202923019730798
2022-08-11,0.046383053670086556
2022-08-12,0.046179870413353155
2022-08-13,0.046458124591885704
2022-08-14,0.04853230158531521
2022-08-15,0.042343509678869316
2022-08-16,0.04220356502806369
2022-08-17,0.039661862184353185
2022-08-18,0.03834325938605752
2022-08-19,0.036605915312580596
2022-08-20,0.052055790115525295
2022-08-21,0.049453667317206566
2022-08-22,0.051189323590086704
2022-08-23,0.061791446572994374
2022-08-24,0.047593227583293006
2022-08-25,0.04673252354478957
2022-08-26,0.04544981113120786
2022-08-27,0.05319781247187004
2022-08-28,0.04984628998260232
2022-08-29,0.052105688965905256
2022-08-30,0.0630634399912895
2022-08-31,0.05154934513322936
2022-09-01,0.05276551628083458
2022-09-02,0.054331704151493215
2022-09-03,0.045930867602638495
2022-09-04,0.044485658713008025
2022-09-05,0.04237254521007023
2022-09-06,0.039372491576723956
2022-09-07,0.03905696947575035
2022-09-08,0.03876182721372787
2022-09-09,0.037448858902821104
2022-09-10,0.03960240059195815
2022-09-11,0.03914802999671874
2022-09-12,0.03679933256736864
2022-09-13,0.039045151801600717
2022-09-14,0.04298306853336853
2022-09-15,0.041241083604882656
2022-09-16,0.05179213354520814
2022-09-17,0.05394426749056346
2022-09-18,0.05034806492297803
2022-09-19,0.06265465818833774
2022-09-20,0.053724897783141184
2022-09-21,0.054179940713774265
2022-09-22,0.06045306716563116
2022-09-23,0.05333061144140551
2022-09-24,0.05234945651282877
2022-09-25,0.051992462387448195
2022-09-26,0.04854416836785294
2022-09-27,0.044653077767695594
2022-09-28,0.04258315453583319
2022-09-29,0.040391574990748524
2022-09-30,0.03844399922628465
2022-10-01,0.03587536417738478
2022-10-02,0.03441884337795355
2022-10-03,0.03389840093923495
2022-10-04,0.03388024111812111
2022-10-05,0.03381389735017468
2022-10-06,0.033788153288026625
2022-10-07,0.03335530447115969
2022-10-08,0.032308783988540216
2022-10-09,0.03104670738340444
2022-10-10,0.030209630913153908
2022-10-11,0.030560272017993495
2022-10-12,0.029742837254384657
2022-10-13,0.029168511729062603
2022-10-14,0.029504647839749244
2022-10-15,0.028243528640073793
2022-10-16,0.02829777592135802
2022-10-17,0.028477861429799613
2022-10-18,0.02833863020457403
2022-10-19,0.028927993002888557
2022-10-20,0.02928002901423474
2022-10-21,0.02864733647309877
2022-10-22,0.028636928432897026
2022-10-23,0.0284453940594334
2022-10-24,0.029143111508706444
2022-10-25,0.029029701699655346
2022-10-26,0.03679253066795643
2022-10-27,0.04103431071664917
2022-10-28,0.041489701105672544
2022-10-29,0.04720118455882677
2022-10-30,0.04572206325531651
2022-10-31,0.04219616167866452
2022-11-01,0.04122924184727839
2022-11-02,0.039920896513497374
2022-11-03,0.03858854629362093
2022-11-04,0.03672484209235226
2022-11-05,0.040457786071117496
2022-11-06,0.039927204115736685
2022-11-07,0.03946706925738534
2022-11-08,0.04245253977364912
2022-11-09,0.05923536739273377
2022-11-10,0.07823807768158073
2022-11-11,0.08936381068023445
2022-11-12,0.09936866154909378
2022-11-13,0.10246789995112571
2022-11-14,0.09559222537771087
2022-11-15,0.08191564344274274
2022-11-16,0.07775254925853214
2022-11-17,0.071593376076924
2022-11-18,0.06457845053180628
2022-11-19,0.06000697430309755
2022-11-20,0.05581201711996622
2022-11-21,0.054217724563025184
2022-11-22,0.05104750552697878
2022-11-23,0.04890849088869254
2022-11-24,0.050619940623524394
2022-11-25,0.045505991633547974
2022-11-26,0.04326987700979597
2022-11-27,0.04230753983252232
2022-11-28,0.0385895117712657
2022-11-29,0.03714455187107349
2022-11-30,0.03693231151753677
2022-12-01,0.0390666003554599
2022-12-02,0.03821825675417636
2022-12-03,0.038704283411338705
2022-12-04,0.04134536794085878
2022-12-05,0.03747033525259073
2022-12-06,0.037066460692452737
2022-12-07,0.03762346608967787
2022-12-08,0.03605262225724893
2022-12-09,0.0359654976161432
2022-12-10,0.03498322318913307
2022-12-11,0.034998098380479126
2022-12-12,0.03418383013921532
2022-12-13,0.0319666433109187
2022-12-14,0.03229179159040799
2022-12-15,0.03128741452278597
2022-12-16,0.032146313014834615
2022-12-17,0.03984487871747978
2022-12-18,0.0375920443243506
2022-12-19,0.03941640853640453
2022-12-20,0.04363542999960677
2022-12-21,0.03781689125360463
2022-12-22,0.036967689084861415
2022-12-23,0.03656158580063291
2022-12-24,0.035599239996137205
2022-12-25,0.0327828640889005
2022-12-26,0.031779592979836256
2022-12-27,0.030660979271452057
2022-12-28,0.029716171399049397
2022-12-29,0.029512797227359472
2022-12-30,0.028850011485998885
2022-12-31,0.028553891267271966
2023-01-01,0.028374886212826026
2023-01-02,0.02739644768524063
2023-01-03,0.02710221236325358
2023-01-04,0.02671905824991656
2023-01-05,0.027800215101479106
2023-01-06,0.027475367432191523
2023-01-07,0.027620898696298923
2023-01-08,0.02866255679357874
2023-01-09,0.027452207890958133
2023-01-10,0.028216084418996163
2023-01-11,0.02788049912396178
2023-01-12,0.029593511232850127
2023-01-13,0.02995395732050345
2023-01-14,0.029842173046177124
2023-01-15,0.03578808643511096
2023-01-16,0.03372440270988284
2023-01-17,0.03449335935242944
2023-01-18,0.03758843589731558
2023-01-19,0.033692338937184096
2023-01-20,0.03382839312501886
2023-01-21,0.03789545793782558
2023-01-22,0.03755449313046284
2023-01-23,0.03679112254140525
2023-01-24,0.039500148794486704
2023-01-25,0.03699828169287108
2023-01-26,0.03650167617192939
2023-01-27,0.036048208134428564
2023-01-28,0.03677971922996674
2023-01-29,0.03480251113365638
2023-01-30,0.03497274362650271
2023-01-31,0.03673705258553306
2023-02-01,0.03595908699166116
2023-02-02,0.03812987332870246
2023-02-03,0.03757383551987352
2023-02-04,0.03440479272248695
2023-02-05,0.03461287470517096
2023-02-06,0.03290233372648054
2023-02-07,0.031797424522806206
2023-02-08,0.032225701812099584
2023-02-09,0.031897212695270134
2023-02-10,0.03612760260981523
2023-02-11,0.036216937570005624
2023-02-12,0.03580230913228457
2023-02-13,0.03952945563762636
2023-02-14,0.034531131989323886
2023-02-15,0.0346273770201823
2023-02-16,0.03925279485623249
2023-02-17,0.0373559578427035
2023-02-18,0.03926298809307326
2023-02-19,0.04175957793236275
2023-02-20,0.03642525225567257
2023-02-21,0.036301819985309076
2023-02-22,0.03515956156095827
2023-02-23,0.03336290440211789
2023-02-24,0.03260551196510332
2023-02-25,0.033155224657925864
2023-02-26,0.03130661799314152
2023-02-27,0.03149806343489394
2023-02-28,0.03157531356604374
2023-03-01,0.030511915052051197
2023-03-02,0.031951990263660295
2023-03-03,0.03061111281415372
2023-03-04,0.03371555943441847
2023-03-05,0.03351789978964912
2023-03-06,0.032304104530622886
2023-03-07,0.03435396275800539
2023-03-08,0.030669337418109698
2023-03-09,0.030509705152630868
2023-03-10,0.03519026923863566
2023-03-11,0.03356542238646085
2023-03-12,0.03573914677674349
2023-03-13,0.04315199252224156
2023-03-14,0.040646975120436024
2023-03-15,0.041777656321745585
2023-03-16,0.04501574827196823
2023-03-17,0.041539977167468746
2023-03-18,0.042366529117242396
2023-03-19,0.04172405716705496
2023-03-20,0.039936126361542784
2023-03-21,0.04280652729473906
2023-03-22,0.03919362416326934
2023-03-23,0.03936015742105872
2023-03-24,0.040790608863002405
2023-03-25,0.04085741416536008
2023-03-26,0.03994661271832414
2023-03-27,0.0393704841462394
2023-03-28,0.038943839956522314
2023-03-29,0.03713687761091935
2023-03-30,0.03632085761381203
2023-03-31,0.036151942425385004
2023-04-01,0.03456261274160019
2023-04-02,0.0325794872052389
2023-04-03,0.03173409895522673
2023-04-04,0.03083160732395046
2023-04-05,0.030897466323208837
2023-04-06,0.03052673942449756
2023-04-07,0.030467847050243663
2023-04-08,0.030939066901478334
2023-04-09,0.029780513195547142
2023-04-10,0.02939145207632179
2023-04-11,0.029311432025013434
2023-04-12,0.02883888612317383
2023-04-13,0.028607657174547677
2023-04-14,0.031523548481855734
2023-04-15,0.032246452315293855
2023-04-16,0.03211022139884399
2023-04-17,0.03419706383314238
2023-04-18,0.03363527480782671
2023-04-19,0.031293041350789565
2023-04-20,0.039225090850938116
2023-04-21,0.037605318274582626
2023-04-22,0.04044991336714428
2023-04-23,0.04537200831793288
2023-04-24,0.03817279965055222
2023-04-25,0.04007361648522426
2023-04-26,0.03679302417906508
2023-04-27,0.03448215038346562
2023-04-28,0.03412389282138873
2023-04-29,0.032495011340040146
2023-04-30,0.03130277441415441
2023-05-01,0.03133040472591112
2023-05-02,0.0308128366467834
2023-05-03,0.03042926084594972
2023-05-04,0.030606901903371276
2023-05-05,0.030645513950935246
2023-05-06,0.03393783316285858
2023-05-07,0.03572089241057872
2023-05-08,0.03579126879049444
2023-05-09,0.03886819877242815
2023-05-10,0.03700834728794891
2023-05-11,0.03394620814253702
2023-05-12,0.03415401393007458
2023-05-13,0.03240240943474466
2023-05-14,0.03141160775443268
2023-05-15,0.0313474166051475
2023-05-16,0.029590322682494112
2023-05-17,0.02894764980920916
2023-05-18,0.02827196822832791
2023-05-19,0.027846754593075777
2023-05-20,0.02728630459817874
2023-05-21,0.026915987946115445
2023-05-22,0.026918212915945216
2023-05-23,0.02639028827096304
2023-05-24,0.0266432456529648
2023-05-25,0.027941806457516778
2023-05-26,0.02744235851677319
2023-05-27,0.02806950991915779
2023-05-28,0.028613398163614898
2023-05-29,0.029315779329953478
2023-05-30,0.02912011789704459
2023-05-31,0.029094503299162276
2023-06-01,0.030915589522586037
2023-06-02,0.028576385263555527
2023-06-03,0.0288729519899887
2023-06-04,0.02891806784333186
2023-06-05,0.028033180571198333
2023-06-06,0.03085404845608527
2023-06-07,0.031395467895236076
2023-06-08,0.032214186142336815
2023-06-09,0.03413942953936393
2023-06-10,0.03298556379532742
2023-06-11,0.03492299898290459
2023-06-12,0.03308479883333352
2023-06-13,0.03290285020573074
2023-06-14,0.03473917313615356
2023-06-15,0.0343520314926316
2023-06-16,0.03342994486902309
2023-06-17,0.034369061493744905
2023-06-18,0.036023808972962076
2023-06-19,0.032223939636101075
2023-06-20,0.03256240851439081
2023-06-21,0.03193622988863727
2023-06-22,0.033855464342957005
2023-06-23,0.033153842405325006
2023-06-24,0.03383964527750853
2023-06-25,0.035076589244066085
2023-06-26,0.031564462052214096
2023-06-27,0.03171073377692349
2023-06-28,0.031189616197074804
2023-06-29,0.03166565299560505
2023-06-30,0.03151445338576877
2023-07-01,0.032755654445922586
2023-07-02,0.033001103651040586
2023-07-03,0.031511160853729105
2023-07-04,0.03266932229228363
2023-07-05,0.030199288112879655
2023-07-06,0.029758484996885083
2023-07-07,0.030846050460790832
2023-07-08,0.029982237668137013
2023-07-09,0.02989282725578311
2023-07-10,0.030539011629798187
2023-07-11,0.028592260441952688
2023-07-12,0.028112578295278072
2023-07-13,0.027717127691104022
2023-07-14,0.033049417896470284
2023-07-15,0.03334644380649645
2023-07-16,0.03385325652120472
2023-07-17,0.03812853560792943
2023-07-18,0.03394045578141272
2023-07-19,0.03224257093008463
2023-07-20,0.031865978995568284
2023-07-21,0.030317309937819337
2023-07-22,0.02943646492815038
2023-07-23,0.029045836199945163
2023-07-24,0.028353749837794612
2023-07-25,0.02857586418596834
2023-07-26,0.028348575045907667
2023-07-27,0.027877005143771214
2023-07-28,0.028101805813535927
2023-07-29,0.02707676279414127
2023-07-30,0.02679966375173246
2023-07-31,0.0267829071019775
2023-08-01,0.026343084986469513
2023-08-02,0.02616981405179718
2023-08-03,0.026716564633172634
2023-08-04,0.026250949870723427
2023-08-05,0.026270523817668742
2023-08-06,0.02656006865743607
2023-08-07,0.025875155592424728
2023-08-08,0.02578212427765332
2023-08-09,0.0258988373370495
2023-08-10,0.025680559682187944
2023-08-11,0.025591299259444974
2023-08-12,0.025739617864256055
2023-08-13,0.02533775272624479
2023-08-14,0.025341207722350725
2023-08-15,0.025243787922796357
2023-08-16,0.025306192861830553
2023-08-17,0.02555933352281777
2023-08-18,0.03231162816991153
2023-08-19,0.031737288633832135
2023-08-20,0.03280631719090915
2023-08-21,0.03749299970795699
2023-08-22,0.031759196353767595
2023-08-23,0.03189705777259167
2023-08-24,0.03229318685974161
2023-08-25,0.03100766984449222
2023-08-26,0.030951927056118433
2023-08-27,0.03051052975360504
2023-08-28,0.029195263484750458
2023-08-29,0.02852865285425339
2023-08-30,0.030517198565103022
2023-08-31,0.029870093381032244
2023-09-01,0.03165754768199496
2023-09-02,0.03326108372324949
2023-09-03,0.031052414711544303
2023-09-04,0.03199685458775098
2023-09-05,0.030008614569186902
2023-09-06,0.028988782924295714
2023-09-07,0.028518472451677414
2023-09-08,0.027802448666122182
2023-09-09,0.02732256667245343
2023-09-10,0.02691957039018309
2023-09-11,0.02685150551878377
2023-09-12,0.029142084825997054
2023-09-13,0.0292216648140004
2023-09-14,0.029620753656227055
2023-09-15,0.03150296680424561
2023-09-16,0.02950083481479907
2023-09-17,0.028652758112442642
2023-09-18,0.028523739680116237
2023-09-19,0.027729636533951118
2023-09-20,0.02724969269927919
2023-09-21,0.027263138130418328
2023-09-22,0.027720702730774576
2023-09-23,0.027286385257097163
2023-09-24,0.02747656297077545
2023-09-25,0.02789634841823272
2023-09-26,0.02668367674318592
2023-09-27,0.026525555470638132
2023-09-28,0.0264067282788722
2023-09-29,0.02741964997249134
2023-09-30,0.027067877802216297
2023-10-01,0.027152824403339097
2023-10-02,0.029894519410046956
2023-10-03,0.030585898790615226
2023-10-04,0.030349576993876266
2023-10-05,0.03201161099940251
2023-10-06,0.03272314750760867
2023-10-07,0.030478440891788045
2023-10-08,0.030407991787851474
2023-10-09,0.030416802313295032
2023-10-10,0.03086352759019109
2023-10-11,0.02991381508240072
2023-10-12,0.02964629889594986
2023-10-13,0.030968707915453274
2023-10-14,0.028874282669546822
2023-10-15,0.028472215911667577
2023-10-16,0.028516991388383685
2023-10-17,0.028229771455268983
2023-10-18,0.028498080691918573
2023-10-19,0.02820869313062596
2023-10-20,0.028685296406406956
2023-10-21,0.02885148118542562
2023-10-22,0.027929834624188805
2023-10-23,0.02825655518700469
2023-10-24,0.03266932804666801
2023-10-25,0.03142589037038573
2023-10-26,0.03209878923807975
2023-10-27,0.03486150766276471
2023-10-28,0.030671537078230185
2023-10-29,0.030282319585708223
2023-10-30,0.030011570442924178
2023-10-31,0.028975323886310005
2023-11-01,0.028184328021468214
2023-11-02,0.028059877882333814
2023-11-03,0.028456831285131802
2023-11-04,0.02822914372563425
2023-11-05,0.02848201425687096
2023-11-06,0.029194913431419063
2023-11-07,0.028122101985321987
2023-11-08,0.02786945183414093
2023-11-09,0.027739108896164103
2023-11-10,0.04169753155697434
2023-11-11,0.03997058646905497
2023-11-12,0.04207871836696451
2023-11-13,0.05125620346022665
2023-11-14,0.039629706092339075
2023-11-15,0.04063111878326832
2023-11-16,0.04092946968740546
2023-11-17,0.04038088477855234
2023-11-18,0.040522563978576634
2023-11-19,0.03947326054373186
2023-11-20,0.039518210760099294
2023-11-21,0.03564067073745777
2023-11-22,0.03672279832602873
2023-11-23,0.03962743066876115
2023-11-24,0.03748730999496352
2023-11-25,0.039223990836167955
2023-11-26,0.039613138945680006
2023-11-27,0.034701153734275576
2023-11-28,0.03446389460479837
2023-11-29,0.03318756700153755
2023-11-30,0.03186353627822126
2023-12-01,0.03132924575229166
2023-12-02,0.030301821809507988
2023-12-03,0.031106405473273493
2023-12-04,0.030349776284276077
2023-12-05,0.030658516373179942
2023-12-06,0.03169623274893399
2023-12-07,0.03087012238879661
2023-12-08,0.03412365183724137
2023-12-09,0.03329259412511885
2023-12-10,0.03375924436769188
2023-12-11,0.03511435238858998
2023-12-12,0.03513003659126788
2023-12-13,0.034301624680127964
2023-12-14,0.03491124138958988
2023-12-15,0.037467344429015635
2023-12-16,0.03551088948610791
2023-12-17,0.03513361154652593
2023-12-18,0.03498255072974032
2023-12-19,0.03509699630339821
2023-12-20,0.03250983077327734
2023-12-21,0.032017678749285135
2023-12-22,0.03124190651217559
2023-12-23,0.032113814484126244
2023-12-24,0.030962083453328005
2023-12-25,0.03128980741405588
2023-12-26,0.03177693708731549
2023-12-27,0.03020228079672508
2023-12-28,0.03473035991315576
2023-12-29,0.033389419513047136
2023-12-30,0.034486915863882785
2023-12-31,0.03727005986916574
2024-01-01,0.03260085423702069
2024-01-02,0.033421327294033035
2024-01-03,0.03209480633156997
2024-01-04,0.03590801417002001
2024-01-05,0.035948787609029795
2024-01-06,0.0350989321445549
2024-01-07,0.03878882708093486
2024-01-08,0.03405469340761963
2024-01-09,0.0352275163446767
2024-01-10,0.034466901584154774
2024-01-11,0.042541979042576984
2024-01-12,0.04232938384941931
2024-01-13,0.042580666797480064
2024-01-14,0.04873106552565824
2024-01-15,0.04196036546429262
2024-01-16,0.04210407065306031
2024-01-17,0.041085612726478676
2024-01-18,0.040307587348542256
2024-01-19,0.03816304472900222
2024-01-20,0.037300159647072395
2024-01-21,0.03587575185878813
2024-01-22,0.03448386649364849
2024-01-23,0.036955405242221816
2024-01-24,0.036455021308730275
2024-01-25,0.036077010802691385
2024-01-26,0.038942367593818195
2024-01-27,0.0353974065950023
2024-01-28,0.033466939290030445
2024-01-29,0.03294850006471934
2024-01-30,0.032398442026170496
2024-01-31,0.030911945406288072
2024-02-01,0.03136604063860049
2024-02-02,0.03108689314096345
2024-02-03,0.029890225951980074
2024-02-04,0.03025562011632614
2024-02-05,0.028676165583785523
2024-02-06,0.02802559899443474
2024-02-07,0.028862452729480844
2024-02-08,0.028556098457975417
2024-02-09,0.02830898560377152
2024-02-10,0.029989125050856217
2024-02-11,0.028779085782080042
2024-02-12,0.028166579536787188
2024-02-13,0.032775476158029386
2024-02-14,0.03093647364724828
2024-02-15,0.03413280276884378
2024-02-16,0.036762267681065
2024-02-17,0.033179200312508934
2024-02-18,0.03527269135470192
2024-02-19,0.03339498574250614
2024-02-20,0.032421199360205696
2024-02-21,0.03254926542970608
2024-02-22,0.03266748614217212
2024-02-23,0.03124876334962844
2024-02-24,0.031149731598247292
2024-02-25,0.03075896858876994
2024-02-26,0.03146731764494627
2024-02-27,0.031573992040162605
2024-02-28,0.031756432044834526
2024-02-29,0.03412788323144367
2024-03-01,0.032398635308251905
2024-03-02,0.03296727693127122
2024-03-03,0.033697669100392194
2024-03-04,0.0316473296835062
2024-03-05,0.0331901312218835
2024-03-06,0.032271123008037916
2024-03-07,0.03745285081409278
2024-03-08,0.03731523941832122
2024-03-09,0.036612194808734136
2024-03-10,0.03997051432695233
2024-03-11,0.03427925752100117
2024-03-12,0.03560162470722721
2024-03-13,0.035136244406505764
2024-03-14,0.03384221693313705
2024-03-15,0.03624270908400487
2024-03-16,0.035370210277209206
2024-03-17,0.037951134517735845
2024-03-18,0.03905434933231825
2024-03-19,0.04026901349049564
2024-03-20,0.05132363242470041
2024-03-21,0.05554673121990988
2024-03-22,0.05537814762550913
2024-03-23,0.06352229887776031
2024-03-24,0.06018611969864453
2024-03-25,0.05235681266405107
2024-03-26,0.053449481132466316
2024-03-27,0.048255287622452354
2024-03-28,0.0464489016410199
2024-03-29,0.044603315118782155
2024-03-30,0.041002166240695276
2024-03-31,0.03960362596045404
2024-04-01,0.03862634974013828
2024-04-02,0.0383386814546848
2024-04-03,0.04151728222611129
2024-04-04,0.041080032470508544
2024-04-05,0.04098232881495188
2024-04-06,0.04233407902879292
2024-04-07,0.03666428114883127
2024-04-08,0.036330586738335516
2024-04-09,0.03950907364118037
2024-04-10,0.040225737780799034
2024-04-11,0.040292751232263196
2024-04-12,0.04292093891270766
2024-04-13,0.04605639080976557
2024-04-14,0.047221527594301906
2024-04-15,0.04853148586833567
2024-04-16,0.052243569323332927
2024-04-17,0.050322005992953514
2024-04-18,0.04692084504073839
2024-04-19,0.04447001504333725
2024-04-20,0.041976828205318034
2024-04-21,0.04147353046253384
2024-04-22,0.03875540368461041
2024-04-23,0.036819787533296636
2024-04-24,0.036114950212129626
2024-04-25,0.034434551276194325
2024-04-26,0.033241095723732114
2024-04-27,0.032194459397379666
2024-04-28,0.033386654823057874
2024-04-29,0.031429356840315094
2024-04-30,0.03143299466180038
2024-05-01,0.03715773203788735
2024-05-02,0.034538409316925485
2024-05-03,0.0352760813473941
2024-05-04,0.039996342785728875
2024-05-05,0.03429785626834927
2024-05-06,0.033902008032796735
2024-05-07,0.035271551811448865
2024-05-08,0.03243729079612441
2024-05-09,0.0320343171221182
2024-05-10,0.03246891923368645
2024-05-11,0.03334777468563614
2024-05-12,0.032143089122277924
2024-05-13,0.03220478328244752
2024-05-14,0.03313908179389295
2024-05-15,0.03083218494663487
2024-05-16,0.03343170097263592
2024-05-17,0.03378388391703153
2024-05-18,0.03640924896810818
2024-05-19,0.03753688557463675
2024-05-20,0.035995249511542454
2024-05-21,0.06102597673542774
2024-05-22,0.05647823240460378
2024-05-23,0.05980246756937091
2024-05-24,0.07451262442276439
2024-05-25,0.054898738707551846
2024-05-26,0.053692042998834864
2024-05-27,0.052324923868449565
2024-05-28,0.046266013892365336
2024-05-29,0.0440538178039428
2024-05-30,0.04223210303483108
2024-05-31,0.03928699618552626
2024-06-01,0.03744204236565907
2024-06-02,0.03603023208006209
2024-06-03,0.03391982664263034
2024-06-04,0.03257364954375677
2024-06-05,0.03164842512567312
2024-06-06,0.030588215912472624
2024-06-07,0.029920770279222148
2024-06-08,0.031055454122867653
2024-06-09,0.030177678312146662
2024-06-10,0.030100520827031494
2024-06-11,0.03107760982736887
2024-06-12,0.03181283957774728
2024-06-13,0.031336001224635895
2024-06-14,0.03250925339270959
2024-06-15,0.034024392583583855
2024-06-16,0.031687997616529656
2024-06-17,0.03197786866903295
2024-06-18,0.0319067465245786
2024-06-19,0.03143661500637713
2024-06-20,0.031177538009379526
2024-06-21,0.03168085951970596
2024-06-22,0.029894585133864338
2024-06-23,0.0297962381009338
2024-06-24,0.029784491218347805
2024-06-25,0.029313454111093346
2024-06-26,0.029163074876121253
2024-06-27,0.02946040876763543
2024-06-28,0.02934331326251917
2024-06-29,0.029125575061197582
2024-06-30,0.028709995135286128
2024-07-01,0.029080600336373573
2024-07-02,0.028644800302865214
2024-07-03,0.027744393006363315
2024-07-04,0.029759473470896032
2024-07-05,0.03596308873122223
2024-07-06,0.03570390563901777
2024-07-07,0.03858335334964437
2024-07-08,0.04395282728363226
2024-07-09,0.03885099730076808
2024-07-10,0.038978637880520306
2024-07-11,0.03968357259292669
2024-07-12,0.03607067093145735
2024-07-13,0.03453017323997031
2024-07-14,0.033447968565656704
2024-07-15,0.03214911185098151
2024-07-16,0.036964792903426566
2024-07-17,0.0356298382068671
2024-07-18,0.036398619477657955
2024-07-19,0.04001617185606508
2024-07-20,0.034609839034915456
2024-07-21,0.03409704262366243
2024-07-22,0.033172856274238806
2024-07-23,0.032773437049784346
2024-07-24,0.031396734601571295
2024-07-25,0.033190821907777404
2024-07-26,0.03598513258616572
2024-07-27,0.03536787886223962
2024-07-28,0.03715093799264662
2024-07-29,0.037093323202011724
2024-07-30,0.03444070498537435
2024-07-31,0.03321283892520602
2024-08-01,0.032379172399836946
2024-08-02,0.03137890626312881
2024-08-03,0.03654797165415089
2024-08-04,0.03599021615413375
2024-08-05,0.04243721092061656
2024-08-06,0.05424547627998428
2024-08-07,0.049998456533560456
2024-08-08,0.056583628023031025
2024-08-09,0.0695850047860687
2024-08-10,0.06044204966742354
2024-08-11,0.06313708312362011
2024-08-12,0.06967633428983953
2024-08-13,0.05806048424851012
2024-08-14,0.05555556305298858
2024-08-15,0.0542201806848459
2024-08-16,0.05261245165931808
2024-08-17,0.04703355643901823
2024-08-18,0.04505506413530072
2024-08-19,0.04327795310449153
2024-08-20,0.039338321529878414
2024-08-21,0.03813958810420427
2024-08-22,0.036582760577509525
2024-08-23,0.034841682741001474
2024-08-24,0.03705716755468944
2024-08-25,0.03506950266810377
2024-08-26,0.03424812424751999
2024-08-27,0.036658817834246134
2024-08-28,0.041008184410822615
2024-08-29,0.040017142244150844
2024-08-30,0.041251252144579836
2024-08-31,0.04582592037914475
2024-09-01,0.03812215826058851
2024-09-02,0.03818584814595207
2024-09-03,0.03883473332963966
2024-09-04,0.03897413040082967
2024-09-05,0.0391076903471817
2024-09-06,0.04001029474003325
2024-09-07,0.0430674424449847
2024-09-08,0.03999349563918575
2024-09-09,0.040760944259052856
2024-09-10,0.0424526052793876
2024-09-11,0.03730741203349978
2024-09-12,0.03669838447730835
2024-09-13,0.03591787858444608
2024-09-14,0.03467739341472754
2024-09-15,0.03400076350398014
2024-09-16,0.03476305897283067
2024-09-17,0.03452121191263584
2024-09-18,0.03346188499153442
2024-09-19,0.03449505220755508
2024-09-20,0.03343730287131866
2024-09-21,0.03412367555937959
2024-09-22,0.033705142835669714
2024-09-23,0.03449647510813728
2024-09-24,0.03420135131507102
2024-09-25,0.03228253721471983
2024-09-26,0.03270273657646715
2024-09-27,0.032368816037061016
2024-09-28,0.03156277333035706
2024-09-29,0.032004349231420634
2024-09-30,0.030706115452995723
2024-10-01,0.03084719278384595
2024-10-02,0.034556428145866465
2024-10-03,0.03484500529203024
2024-10-04,0.03546417923574364
2024-10-05,0.03894695227851647
2024-10-06,0.03526400430090785
2024-10-07,0.03355313336623151
2024-10-08,0.033575172054271636
2024-10-09,0.03129146074284114
2024-10-10,0.03167250695693757
2024-10-11,0.030757019349391266
2024-10-12,0.030500813313103923
2024-10-13,0.031162805442271613
2024-10-14,0.029366362452706865
2024-10-15,0.03403530761682345
2024-10-16,0.0327792336558635
2024-10-17,0.03278006989436543
2024-10-18,0.036154949388263295
2024-10-19,0.03137479513478831
2024-10-20,0.03080851255421583
2024-10-21,0.031874054583379954
2024-10-22,0.0316593211236697
2024-10-23,0.03146243077587253
2024-10-24,0.03475399022972344
2024-10-25,0.033571157751194854
2024-10-26,0.03474697369206823
2024-10-27,0.0358933252957513
2024-10-28,0.03324882400990521
2024-10-29,0.0348534671419864
2024-10-30,0.03313257627691181
2024-10-31,0.0318960637440298
2024-11-01,0.035585329006139164
2024-11-02,0.034203945216241864
2024-11-03,0.0335874546664854
2024-11-04,0.036416616972601186
2024-11-05,0.032713779890316604
2024-11-06,0.03221343970237505
2024-11-07,0.04548486155831556
2024-11-08,0.04598698694062232
2024-11-09,0.04696237523373694
2024-11-10,0.05769281550740903
2024-11-11,0.04896932364433172
2024-11-12,0.0485514573720187
2024-11-13,0.05033253321321384
2024-11-14,0.045498815191054295
2024-11-15,0.04756753838838161
2024-11-16,0.04460121483388255
2024-11-17,0.04153188926181062
2024-11-18,0.04179490717936007
2024-11-19,0.039503964121666825
2024-11-20,0.03860031320379958
2024-11-21,0.03793565517111556
2024-11-22,0.04489749195410302
2024-11-23,0.04223576687516376
2024-11-24,0.04212410775159677
2024-11-25,0.04704993564115884
2024-11-26,0.03882467413762233
2024-11-27,0.03881764895591242
